framework,branch,commit_id,model_name,platform,soc_code,soc_name,cpu,gpu,npu,product,power_mode,backend,cpu_thread_num,avg,max,min,std_dev,battery_level,system_version,repeats,warmup,imei
tnn,master,c286af0,caffe_mobilenetv1.opt,android-armv7,kona,SD865,Kryo585:1xA77@2.84+3xA77@2.42+4XA55@1.8,Adreno-650,Hexagon-698,V1981A,big_cores,ARM,1,30.186,31.292,29.864,0.247,100,10,100,20,A00000D3EB320E
tnn,master,c286af0,caffe_mobilenetv1.opt,android-armv7,kona,SD865,Kryo585:1xA77@2.84+3xA77@2.42+4XA55@1.8,Adreno-650,Hexagon-698,V1981A,big_cores,ARM,2,19.138,46.892,17.753,4.963,100,10,100,20,A00000D3EB320E
tnn,master,c286af0,caffe_mobilenetv1.opt,android-armv7,kona,SD865,Kryo585:1xA77@2.84+3xA77@2.42+4XA55@1.8,Adreno-650,Hexagon-698,V1981A,big_cores,ARM,4,30.327,36.507,29.793,1.039,100,10,100,20,A00000D3EB320E
tnn,master,c286af0,caffe_mobilenetv1.opt,android-armv7,kona,SD865,Kryo585:1xA77@2.84+3xA77@2.42+4XA55@1.8,Adreno-650,Hexagon-698,V1981A,big_cores,GPU_OPENCL,1,9.887,17.394,8.167,0.445,100,10,1000,20,A00000D3EB320E
tnn,master,c286af0,caffe_mobilenetv2.opt,android-armv7,kona,SD865,Kryo585:1xA77@2.84+3xA77@2.42+4XA55@1.8,Adreno-650,Hexagon-698,V1981A,big_cores,ARM,1,26.029,26.124,25.958,0.030,100,10,100,20,A00000D3EB320E
tnn,master,c286af0,caffe_mobilenetv2.opt,android-armv7,kona,SD865,Kryo585:1xA77@2.84+3xA77@2.42+4XA55@1.8,Adreno-650,Hexagon-698,V1981A,big_cores,ARM,2,18.223,101.687,15.929,11.574,100,10,100,20,A00000D3EB320E
tnn,master,c286af0,caffe_mobilenetv2.opt,android-armv7,kona,SD865,Kryo585:1xA77@2.84+3xA77@2.42+4XA55@1.8,Adreno-650,Hexagon-698,V1981A,big_cores,ARM,4,52.215,97.312,16.579,8.718,100,10,100,20,A00000D3EB320E
tnn,master,c286af0,caffe_mobilenetv2.opt,android-armv7,kona,SD865,Kryo585:1xA77@2.84+3xA77@2.42+4XA55@1.8,Adreno-650,Hexagon-698,V1981A,big_cores,GPU_OPENCL,1,11.043,13.727,9.927,0.590,100,10,1000,20,A00000D3EB320E
tnn,master,c286af0,tf_mobilenetv1.opt,android-armv7,kona,SD865,Kryo585:1xA77@2.84+3xA77@2.42+4XA55@1.8,Adreno-650,Hexagon-698,V1981A,big_cores,ARM,1,30.766,30.906,30.639,0.050,100,10,100,20,A00000D3EB320E
tnn,master,c286af0,tf_mobilenetv1.opt,android-armv7,kona,SD865,Kryo585:1xA77@2.84+3xA77@2.42+4XA55@1.8,Adreno-650,Hexagon-698,V1981A,big_cores,ARM,2,30.963,31.166,30.858,0.044,100,10,100,20,A00000D3EB320E
tnn,master,c286af0,tf_mobilenetv1.opt,android-armv7,kona,SD865,Kryo585:1xA77@2.84+3xA77@2.42+4XA55@1.8,Adreno-650,Hexagon-698,V1981A,big_cores,ARM,4,63.610,87.403,34.346,5.965,100,10,100,20,A00000D3EB320E
tnn,master,c286af0,tf_mobilenetv1.opt,android-armv7,kona,SD865,Kryo585:1xA77@2.84+3xA77@2.42+4XA55@1.8,Adreno-650,Hexagon-698,V1981A,big_cores,GPU_OPENCL,1,9.639,19.746,8.121,0.455,100,10,1000,20,A00000D3EB320E
tnn,master,c286af0,tf_mobilenetv2.opt,android-armv7,kona,SD865,Kryo585:1xA77@2.84+3xA77@2.42+4XA55@1.8,Adreno-650,Hexagon-698,V1981A,big_cores,ARM,1,19.980,20.082,19.898,0.034,100,10,100,20,A00000D3EB320E
tnn,master,c286af0,tf_mobilenetv2.opt,android-armv7,kona,SD865,Kryo585:1xA77@2.84+3xA77@2.42+4XA55@1.8,Adreno-650,Hexagon-698,V1981A,big_cores,ARM,2,12.453,12.539,12.403,0.028,100,10,100,20,A00000D3EB320E
tnn,master,c286af0,tf_mobilenetv2.opt,android-armv7,kona,SD865,Kryo585:1xA77@2.84+3xA77@2.42+4XA55@1.8,Adreno-650,Hexagon-698,V1981A,big_cores,ARM,4,19.776,19.881,19.707,0.029,100,10,100,20,A00000D3EB320E
tnn,master,c286af0,tf_mobilenetv2.opt,android-armv7,kona,SD865,Kryo585:1xA77@2.84+3xA77@2.42+4XA55@1.8,Adreno-650,Hexagon-698,V1981A,big_cores,GPU_OPENCL,1,11.187,15.496,9.133,0.778,100,10,1000,20,A00000D3EB320E
tnn,master,c286af0,caffe_mobilenetv1.opt,android-armv8,kona,SD865,Kryo585:1xA77@2.84+3xA77@2.42+4XA55@1.8,Adreno-650,Hexagon-698,V1981A,big_cores,ARM,1,28.660,28.831,28.510,0.040,100,10,100,20,A00000D3EB320E
tnn,master,c286af0,caffe_mobilenetv1.opt,android-armv8,kona,SD865,Kryo585:1xA77@2.84+3xA77@2.42+4XA55@1.8,Adreno-650,Hexagon-698,V1981A,big_cores,ARM,2,28.670,28.815,28.588,0.050,100,10,100,20,A00000D3EB320E
tnn,master,c286af0,caffe_mobilenetv1.opt,android-armv8,kona,SD865,Kryo585:1xA77@2.84+3xA77@2.42+4XA55@1.8,Adreno-650,Hexagon-698,V1981A,big_cores,ARM,4,35.655,36.743,35.284,0.321,100,10,100,20,A00000D3EB320E
tnn,master,c286af0,caffe_mobilenetv1.opt,android-armv8,kona,SD865,Kryo585:1xA77@2.84+3xA77@2.42+4XA55@1.8,Adreno-650,Hexagon-698,V1981A,big_cores,GPU_OPENCL,1,9.598,13.593,9.326,0.198,100,10,1000,20,A00000D3EB320E
tnn,master,c286af0,caffe_mobilenetv2.opt,android-armv8,kona,SD865,Kryo585:1xA77@2.84+3xA77@2.42+4XA55@1.8,Adreno-650,Hexagon-698,V1981A,big_cores,ARM,1,24.622,24.806,24.426,0.062,100,10,100,20,A00000D3EB320E
tnn,master,c286af0,caffe_mobilenetv2.opt,android-armv8,kona,SD865,Kryo585:1xA77@2.84+3xA77@2.42+4XA55@1.8,Adreno-650,Hexagon-698,V1981A,big_cores,ARM,2,24.571,24.693,24.500,0.040,100,10,100,20,A00000D3EB320E
tnn,master,c286af0,caffe_mobilenetv2.opt,android-armv8,kona,SD865,Kryo585:1xA77@2.84+3xA77@2.42+4XA55@1.8,Adreno-650,Hexagon-698,V1981A,big_cores,ARM,4,28.410,32.328,24.714,2.715,100,10,100,20,A00000D3EB320E
tnn,master,c286af0,caffe_mobilenetv2.opt,android-armv8,kona,SD865,Kryo585:1xA77@2.84+3xA77@2.42+4XA55@1.8,Adreno-650,Hexagon-698,V1981A,big_cores,GPU_OPENCL,1,10.572,17.940,9.239,0.344,100,10,1000,20,A00000D3EB320E
tnn,master,c286af0,tf_mobilenetv1.opt,android-armv8,kona,SD865,Kryo585:1xA77@2.84+3xA77@2.42+4XA55@1.8,Adreno-650,Hexagon-698,V1981A,big_cores,ARM,1,29.096,29.205,28.973,0.038,100,10,100,20,A00000D3EB320E
tnn,master,c286af0,tf_mobilenetv1.opt,android-armv8,kona,SD865,Kryo585:1xA77@2.84+3xA77@2.42+4XA55@1.8,Adreno-650,Hexagon-698,V1981A,big_cores,ARM,2,17.412,17.535,17.375,0.024,100,10,100,20,A00000D3EB320E
tnn,master,c286af0,tf_mobilenetv1.opt,android-armv8,kona,SD865,Kryo585:1xA77@2.84+3xA77@2.42+4XA55@1.8,Adreno-650,Hexagon-698,V1981A,big_cores,ARM,4,29.327,29.498,29.220,0.058,100,10,100,20,A00000D3EB320E
tnn,master,c286af0,tf_mobilenetv1.opt,android-armv8,kona,SD865,Kryo585:1xA77@2.84+3xA77@2.42+4XA55@1.8,Adreno-650,Hexagon-698,V1981A,big_cores,GPU_OPENCL,1,9.447,17.285,8.238,0.381,100,10,1000,20,A00000D3EB320E
tnn,master,c286af0,tf_mobilenetv2.opt,android-armv8,kona,SD865,Kryo585:1xA77@2.84+3xA77@2.42+4XA55@1.8,Adreno-650,Hexagon-698,V1981A,big_cores,ARM,1,18.295,18.405,18.223,0.035,100,10,100,20,A00000D3EB320E
tnn,master,c286af0,tf_mobilenetv2.opt,android-armv8,kona,SD865,Kryo585:1xA77@2.84+3xA77@2.42+4XA55@1.8,Adreno-650,Hexagon-698,V1981A,big_cores,ARM,2,11.718,12.033,11.654,0.042,100,10,100,20,A00000D3EB320E
tnn,master,c286af0,tf_mobilenetv2.opt,android-armv8,kona,SD865,Kryo585:1xA77@2.84+3xA77@2.42+4XA55@1.8,Adreno-650,Hexagon-698,V1981A,big_cores,ARM,4,21.912,22.306,21.651,0.126,100,10,100,20,A00000D3EB320E
tnn,master,c286af0,tf_mobilenetv2.opt,android-armv8,kona,SD865,Kryo585:1xA77@2.84+3xA77@2.42+4XA55@1.8,Adreno-650,Hexagon-698,V1981A,big_cores,GPU_OPENCL,1,10.279,17.962,7.855,0.928,100,10,1000,20,A00000D3EB320E
tnn,master,c286af0,caffe_mobilenetv1.opt,android-armv7,sdm845,SD845,Kyro385:8x@2.8,Adreno-630@710,Hexagon-685,MI 8,big_cores,ARM,1,73.069,73.375,71.803,0.230,100,8.1.0,100,20,861268044699735
tnn,master,c286af0,caffe_mobilenetv1.opt,android-armv7,sdm845,SD845,Kyro385:8x@2.8,Adreno-630@710,Hexagon-685,MI 8,big_cores,ARM,2,40.261,43.667,39.091,0.906,100,8.1.0,100,20,861268044699735
tnn,master,c286af0,caffe_mobilenetv1.opt,android-armv7,sdm845,SD845,Kyro385:8x@2.8,Adreno-630@710,Hexagon-685,MI 8,big_cores,ARM,4,23.420,24.649,23.168,0.355,100,8.1.0,100,20,861268044699735
tnn,master,c286af0,caffe_mobilenetv1.opt,android-armv7,sdm845,SD845,Kyro385:8x@2.8,Adreno-630@710,Hexagon-685,MI 8,big_cores,GPU_OPENCL,1,10.928,11.924,10.484,0.234,100,8.1.0,1000,20,861268044699735
tnn,master,c286af0,caffe_mobilenetv2.opt,android-armv7,sdm845,SD845,Kyro385:8x@2.8,Adreno-630@710,Hexagon-685,MI 8,big_cores,ARM,1,73.396,73.878,72.721,0.239,100,8.1.0,100,20,861268044699735
tnn,master,c286af0,caffe_mobilenetv2.opt,android-armv7,sdm845,SD845,Kyro385:8x@2.8,Adreno-630@710,Hexagon-685,MI 8,big_cores,ARM,2,38.485,41.257,38.192,0.415,100,8.1.0,100,20,861268044699735
tnn,master,c286af0,caffe_mobilenetv2.opt,android-armv7,sdm845,SD845,Kyro385:8x@2.8,Adreno-630@710,Hexagon-685,MI 8,big_cores,ARM,4,21.596,23.893,21.267,0.624,100,8.1.0,100,20,861268044699735
tnn,master,c286af0,caffe_mobilenetv2.opt,android-armv7,sdm845,SD845,Kyro385:8x@2.8,Adreno-630@710,Hexagon-685,MI 8,big_cores,GPU_OPENCL,1,10.665,11.636,10.334,0.175,100,8.1.0,1000,20,861268044699735
tnn,master,c286af0,tf_mobilenetv1.opt,android-armv7,sdm845,SD845,Kyro385:8x@2.8,Adreno-630@710,Hexagon-685,MI 8,big_cores,ARM,1,87.311,87.786,86.267,0.202,100,8.1.0,100,20,861268044699735
tnn,master,c286af0,tf_mobilenetv1.opt,android-armv7,sdm845,SD845,Kyro385:8x@2.8,Adreno-630@710,Hexagon-685,MI 8,big_cores,ARM,2,47.758,51.649,45.729,1.511,100,8.1.0,100,20,861268044699735
tnn,master,c286af0,tf_mobilenetv1.opt,android-armv7,sdm845,SD845,Kyro385:8x@2.8,Adreno-630@710,Hexagon-685,MI 8,big_cores,ARM,4,27.018,28.478,26.714,0.400,100,8.1.0,100,20,861268044699735
tnn,master,c286af0,tf_mobilenetv1.opt,android-armv7,sdm845,SD845,Kyro385:8x@2.8,Adreno-630@710,Hexagon-685,MI 8,big_cores,GPU_OPENCL,1,10.706,12.359,9.709,0.254,100,8.1.0,1000,20,861268044699735
tnn,master,c286af0,tf_mobilenetv2.opt,android-armv7,sdm845,SD845,Kyro385:8x@2.8,Adreno-630@710,Hexagon-685,MI 8,big_cores,ARM,1,60.012,60.574,58.595,0.253,100,8.1.0,100,20,861268044699735
tnn,master,c286af0,tf_mobilenetv2.opt,android-armv7,sdm845,SD845,Kyro385:8x@2.8,Adreno-630@710,Hexagon-685,MI 8,big_cores,ARM,2,32.117,32.319,31.921,0.072,100,8.1.0,100,20,861268044699735
tnn,master,c286af0,tf_mobilenetv2.opt,android-armv7,sdm845,SD845,Kyro385:8x@2.8,Adreno-630@710,Hexagon-685,MI 8,big_cores,ARM,4,19.448,19.573,19.290,0.052,100,8.1.0,100,20,861268044699735
tnn,master,c286af0,tf_mobilenetv2.opt,android-armv7,sdm845,SD845,Kyro385:8x@2.8,Adreno-630@710,Hexagon-685,MI 8,big_cores,GPU_OPENCL,1,9.080,9.706,8.657,0.160,100,8.1.0,1000,20,861268044699735
tnn,master,c286af0,caffe_mobilenetv1.opt,android-armv8,sdm845,SD845,Kyro385:8x@2.8,Adreno-630@710,Hexagon-685,MI 8,big_cores,ARM,1,80.676,81.212,80.253,0.195,100,8.1.0,100,20,861268044699735
tnn,master,c286af0,caffe_mobilenetv1.opt,android-armv8,sdm845,SD845,Kyro385:8x@2.8,Adreno-630@710,Hexagon-685,MI 8,big_cores,ARM,2,42.088,42.607,41.680,0.222,100,8.1.0,100,20,861268044699735
tnn,master,c286af0,caffe_mobilenetv1.opt,android-armv8,sdm845,SD845,Kyro385:8x@2.8,Adreno-630@710,Hexagon-685,MI 8,big_cores,ARM,4,22.517,22.753,22.353,0.088,100,8.1.0,100,20,861268044699735
tnn,master,c286af0,caffe_mobilenetv1.opt,android-armv8,sdm845,SD845,Kyro385:8x@2.8,Adreno-630@710,Hexagon-685,MI 8,big_cores,GPU_OPENCL,1,10.749,11.705,10.376,0.179,100,8.1.0,1000,20,861268044699735
tnn,master,c286af0,caffe_mobilenetv2.opt,android-armv8,sdm845,SD845,Kyro385:8x@2.8,Adreno-630@710,Hexagon-685,MI 8,big_cores,ARM,1,68.670,69.482,68.162,0.198,100,8.1.0,100,20,861268044699735
tnn,master,c286af0,caffe_mobilenetv2.opt,android-armv8,sdm845,SD845,Kyro385:8x@2.8,Adreno-630@710,Hexagon-685,MI 8,big_cores,ARM,2,37.855,38.166,37.668,0.078,100,8.1.0,100,20,861268044699735
tnn,master,c286af0,caffe_mobilenetv2.opt,android-armv8,sdm845,SD845,Kyro385:8x@2.8,Adreno-630@710,Hexagon-685,MI 8,big_cores,ARM,4,21.451,21.665,21.323,0.054,100,8.1.0,100,20,861268044699735
tnn,master,c286af0,caffe_mobilenetv2.opt,android-armv8,sdm845,SD845,Kyro385:8x@2.8,Adreno-630@710,Hexagon-685,MI 8,big_cores,GPU_OPENCL,1,10.562,11.248,10.054,0.173,100,8.1.0,1000,20,861268044699735
tnn,master,c286af0,tf_mobilenetv1.opt,android-armv8,sdm845,SD845,Kyro385:8x@2.8,Adreno-630@710,Hexagon-685,MI 8,big_cores,ARM,1,81.684,82.289,81.259,0.211,100,8.1.0,100,20,861268044699735
tnn,master,c286af0,tf_mobilenetv1.opt,android-armv8,sdm845,SD845,Kyro385:8x@2.8,Adreno-630@710,Hexagon-685,MI 8,big_cores,ARM,2,43.421,44.319,42.991,0.257,100,8.1.0,100,20,861268044699735
tnn,master,c286af0,tf_mobilenetv1.opt,android-armv8,sdm845,SD845,Kyro385:8x@2.8,Adreno-630@710,Hexagon-685,MI 8,big_cores,ARM,4,24.059,24.423,23.878,0.096,100,8.1.0,100,20,861268044699735
tnn,master,c286af0,tf_mobilenetv1.opt,android-armv8,sdm845,SD845,Kyro385:8x@2.8,Adreno-630@710,Hexagon-685,MI 8,big_cores,GPU_OPENCL,1,10.707,11.589,9.978,0.215,100,8.1.0,1000,20,861268044699735
tnn,master,c286af0,tf_mobilenetv2.opt,android-armv8,sdm845,SD845,Kyro385:8x@2.8,Adreno-630@710,Hexagon-685,MI 8,big_cores,ARM,1,50.846,51.147,50.558,0.125,100,8.1.0,100,20,861268044699735
tnn,master,c286af0,tf_mobilenetv2.opt,android-armv8,sdm845,SD845,Kyro385:8x@2.8,Adreno-630@710,Hexagon-685,MI 8,big_cores,ARM,2,28.952,29.130,28.723,0.062,100,8.1.0,100,20,861268044699735
tnn,master,c286af0,tf_mobilenetv2.opt,android-armv8,sdm845,SD845,Kyro385:8x@2.8,Adreno-630@710,Hexagon-685,MI 8,big_cores,ARM,4,17.951,18.090,17.775,0.068,100,8.1.0,100,20,861268044699735
tnn,master,c286af0,tf_mobilenetv2.opt,android-armv8,sdm845,SD845,Kyro385:8x@2.8,Adreno-630@710,Hexagon-685,MI 8,big_cores,GPU_OPENCL,1,8.962,9.626,8.499,0.126,100,8.1.0,1000,20,861268044699735
tnn,master,c286af0,caffe_mobilenetv1.opt,android-armv7,kirin990,kirin990,2xA76@2.86+2xA76@2.36+4xA55@1.95,Mali-G76 MP16,1xLite+1xTiny,TAS-AL00,big_cores,ARM,1,35.953,37.397,35.500,0.475,100,10,100,20,A00000B1CCA9FC
tnn,master,c286af0,caffe_mobilenetv1.opt,android-armv7,kirin990,kirin990,2xA76@2.86+2xA76@2.36+4xA55@1.95,Mali-G76 MP16,1xLite+1xTiny,TAS-AL00,big_cores,ARM,2,21.920,27.266,20.213,1.131,100,10,100,20,A00000B1CCA9FC
tnn,master,c286af0,caffe_mobilenetv1.opt,android-armv7,kirin990,kirin990,2xA76@2.86+2xA76@2.36+4xA55@1.95,Mali-G76 MP16,1xLite+1xTiny,TAS-AL00,big_cores,ARM,4,15.403,15.644,15.220,0.080,100,10,100,20,A00000B1CCA9FC
tnn,master,c286af0,caffe_mobilenetv1.opt,android-armv7,kirin990,kirin990,2xA76@2.86+2xA76@2.36+4xA55@1.95,Mali-G76 MP16,1xLite+1xTiny,TAS-AL00,big_cores,GPU_OPENCL,1,11.766,18.955,11.066,1.060,100,10,1000,20,A00000B1CCA9FC
tnn,master,c286af0,caffe_mobilenetv2.opt,android-armv7,kirin990,kirin990,2xA76@2.86+2xA76@2.36+4xA55@1.95,Mali-G76 MP16,1xLite+1xTiny,TAS-AL00,big_cores,ARM,1,30.092,30.597,29.488,0.261,100,10,100,20,A00000B1CCA9FC
tnn,master,c286af0,caffe_mobilenetv2.opt,android-armv7,kirin990,kirin990,2xA76@2.86+2xA76@2.36+4xA55@1.95,Mali-G76 MP16,1xLite+1xTiny,TAS-AL00,big_cores,ARM,2,17.475,18.492,17.038,0.390,100,10,100,20,A00000B1CCA9FC
tnn,master,c286af0,caffe_mobilenetv2.opt,android-armv7,kirin990,kirin990,2xA76@2.86+2xA76@2.36+4xA55@1.95,Mali-G76 MP16,1xLite+1xTiny,TAS-AL00,big_cores,ARM,4,13.314,16.448,12.847,0.723,100,10,100,20,A00000B1CCA9FC
tnn,master,c286af0,caffe_mobilenetv2.opt,android-armv7,kirin990,kirin990,2xA76@2.86+2xA76@2.36+4xA55@1.95,Mali-G76 MP16,1xLite+1xTiny,TAS-AL00,big_cores,GPU_OPENCL,1,13.709,17.795,13.118,0.448,100,10,1000,20,A00000B1CCA9FC
tnn,master,c286af0,tf_mobilenetv1.opt,android-armv7,kirin990,kirin990,2xA76@2.86+2xA76@2.36+4xA55@1.95,Mali-G76 MP16,1xLite+1xTiny,TAS-AL00,big_cores,ARM,1,37.038,40.116,36.422,0.933,100,10,100,20,A00000B1CCA9FC
tnn,master,c286af0,tf_mobilenetv1.opt,android-armv7,kirin990,kirin990,2xA76@2.86+2xA76@2.36+4xA55@1.95,Mali-G76 MP16,1xLite+1xTiny,TAS-AL00,big_cores,ARM,2,22.571,25.728,20.088,1.088,100,10,100,20,A00000B1CCA9FC
tnn,master,c286af0,tf_mobilenetv1.opt,android-armv7,kirin990,kirin990,2xA76@2.86+2xA76@2.36+4xA55@1.95,Mali-G76 MP16,1xLite+1xTiny,TAS-AL00,big_cores,ARM,4,14.138,14.930,13.759,0.261,100,10,100,20,A00000B1CCA9FC
tnn,master,c286af0,tf_mobilenetv1.opt,android-armv7,kirin990,kirin990,2xA76@2.86+2xA76@2.36+4xA55@1.95,Mali-G76 MP16,1xLite+1xTiny,TAS-AL00,big_cores,GPU_OPENCL,1,16.082,20.264,14.227,0.669,100,10,1000,20,A00000B1CCA9FC
tnn,master,c286af0,tf_mobilenetv2.opt,android-armv7,kirin990,kirin990,2xA76@2.86+2xA76@2.36+4xA55@1.95,Mali-G76 MP16,1xLite+1xTiny,TAS-AL00,big_cores,ARM,1,22.702,23.345,22.432,0.170,100,10,100,20,A00000B1CCA9FC
tnn,master,c286af0,tf_mobilenetv2.opt,android-armv7,kirin990,kirin990,2xA76@2.86+2xA76@2.36+4xA55@1.95,Mali-G76 MP16,1xLite+1xTiny,TAS-AL00,big_cores,ARM,2,13.597,18.130,13.042,1.057,100,10,100,20,A00000B1CCA9FC
tnn,master,c286af0,tf_mobilenetv2.opt,android-armv7,kirin990,kirin990,2xA76@2.86+2xA76@2.36+4xA55@1.95,Mali-G76 MP16,1xLite+1xTiny,TAS-AL00,big_cores,ARM,4,10.000,10.088,9.932,0.030,100,10,100,20,A00000B1CCA9FC
tnn,master,c286af0,tf_mobilenetv2.opt,android-armv7,kirin990,kirin990,2xA76@2.86+2xA76@2.36+4xA55@1.95,Mali-G76 MP16,1xLite+1xTiny,TAS-AL00,big_cores,GPU_OPENCL,1,16.992,21.828,15.571,0.772,100,10,1000,20,A00000B1CCA9FC
tnn,master,c286af0,caffe_mobilenetv1.opt,android-armv8,kirin990,kirin990,2xA76@2.86+2xA76@2.36+4xA55@1.95,Mali-G76 MP16,1xLite+1xTiny,TAS-AL00,big_cores,ARM,1,30.435,30.642,30.284,0.059,100,10,100,20,A00000B1CCA9FC
tnn,master,c286af0,caffe_mobilenetv1.opt,android-armv8,kirin990,kirin990,2xA76@2.86+2xA76@2.36+4xA55@1.95,Mali-G76 MP16,1xLite+1xTiny,TAS-AL00,big_cores,ARM,2,16.572,18.597,16.108,0.412,100,10,100,20,A00000B1CCA9FC
tnn,master,c286af0,caffe_mobilenetv1.opt,android-armv8,kirin990,kirin990,2xA76@2.86+2xA76@2.36+4xA55@1.95,Mali-G76 MP16,1xLite+1xTiny,TAS-AL00,big_cores,ARM,4,13.666,13.902,13.337,0.097,100,10,100,20,A00000B1CCA9FC
tnn,master,c286af0,caffe_mobilenetv1.opt,android-armv8,kirin990,kirin990,2xA76@2.86+2xA76@2.36+4xA55@1.95,Mali-G76 MP16,1xLite+1xTiny,TAS-AL00,big_cores,GPU_OPENCL,1,11.787,17.887,10.967,0.970,100,10,1000,20,A00000B1CCA9FC
tnn,master,c286af0,caffe_mobilenetv2.opt,android-armv8,kirin990,kirin990,2xA76@2.86+2xA76@2.36+4xA55@1.95,Mali-G76 MP16,1xLite+1xTiny,TAS-AL00,big_cores,ARM,1,27.408,28.111,26.592,0.530,100,10,100,20,A00000B1CCA9FC
tnn,master,c286af0,caffe_mobilenetv2.opt,android-armv8,kirin990,kirin990,2xA76@2.86+2xA76@2.36+4xA55@1.95,Mali-G76 MP16,1xLite+1xTiny,TAS-AL00,big_cores,ARM,2,15.286,15.825,14.943,0.277,100,10,100,20,A00000B1CCA9FC
tnn,master,c286af0,caffe_mobilenetv2.opt,android-armv8,kirin990,kirin990,2xA76@2.86+2xA76@2.36+4xA55@1.95,Mali-G76 MP16,1xLite+1xTiny,TAS-AL00,big_cores,ARM,4,11.508,12.008,10.909,0.362,100,10,100,20,A00000B1CCA9FC
tnn,master,c286af0,caffe_mobilenetv2.opt,android-armv8,kirin990,kirin990,2xA76@2.86+2xA76@2.36+4xA55@1.95,Mali-G76 MP16,1xLite+1xTiny,TAS-AL00,big_cores,GPU_OPENCL,1,13.908,19.019,12.818,0.652,100,10,1000,20,A00000B1CCA9FC
tnn,master,c286af0,tf_mobilenetv1.opt,android-armv8,kirin990,kirin990,2xA76@2.86+2xA76@2.36+4xA55@1.95,Mali-G76 MP16,1xLite+1xTiny,TAS-AL00,big_cores,ARM,1,31.318,31.531,31.085,0.074,100,10,100,20,A00000B1CCA9FC
tnn,master,c286af0,tf_mobilenetv1.opt,android-armv8,kirin990,kirin990,2xA76@2.86+2xA76@2.36+4xA55@1.95,Mali-G76 MP16,1xLite+1xTiny,TAS-AL00,big_cores,ARM,2,17.607,19.857,16.628,0.815,100,10,100,20,A00000B1CCA9FC
tnn,master,c286af0,tf_mobilenetv1.opt,android-armv8,kirin990,kirin990,2xA76@2.86+2xA76@2.36+4xA55@1.95,Mali-G76 MP16,1xLite+1xTiny,TAS-AL00,big_cores,ARM,4,12.088,12.638,12.001,0.113,100,10,100,20,A00000B1CCA9FC
tnn,master,c286af0,tf_mobilenetv1.opt,android-armv8,kirin990,kirin990,2xA76@2.86+2xA76@2.36+4xA55@1.95,Mali-G76 MP16,1xLite+1xTiny,TAS-AL00,big_cores,GPU_OPENCL,1,15.938,19.271,14.650,0.636,100,10,1000,20,A00000B1CCA9FC
tnn,master,c286af0,tf_mobilenetv2.opt,android-armv8,kirin990,kirin990,2xA76@2.86+2xA76@2.36+4xA55@1.95,Mali-G76 MP16,1xLite+1xTiny,TAS-AL00,big_cores,ARM,1,20.251,20.605,19.859,0.212,100,10,100,20,A00000B1CCA9FC
tnn,master,c286af0,tf_mobilenetv2.opt,android-armv8,kirin990,kirin990,2xA76@2.86+2xA76@2.36+4xA55@1.95,Mali-G76 MP16,1xLite+1xTiny,TAS-AL00,big_cores,ARM,2,11.988,12.167,11.921,0.039,100,10,100,20,A00000B1CCA9FC
tnn,master,c286af0,tf_mobilenetv2.opt,android-armv8,kirin990,kirin990,2xA76@2.86+2xA76@2.36+4xA55@1.95,Mali-G76 MP16,1xLite+1xTiny,TAS-AL00,big_cores,ARM,4,9.440,9.516,9.390,0.028,100,10,100,20,A00000B1CCA9FC
tnn,master,c286af0,tf_mobilenetv2.opt,android-armv8,kirin990,kirin990,2xA76@2.86+2xA76@2.36+4xA55@1.95,Mali-G76 MP16,1xLite+1xTiny,TAS-AL00,big_cores,GPU_OPENCL,1,16.809,20.480,15.471,0.718,100,10,1000,20,A00000B1CCA9FC
tnn,master,c286af0,caffe_mobilenetv1.opt,android-armv7,kirin980,kirin980,2xA76@2.6+2xA76@1.92+4xA55@1.8,Mali-G76 MP10,Dual NPU,YAL-AL00,big_cores,ARM,1,39.804,41.539,38.233,1.193,100,9,100,20,A00000AD995AA1
tnn,master,c286af0,caffe_mobilenetv1.opt,android-armv7,kirin980,kirin980,2xA76@2.6+2xA76@1.92+4xA55@1.8,Mali-G76 MP10,Dual NPU,YAL-AL00,big_cores,ARM,2,23.356,23.592,23.171,0.083,100,9,100,20,A00000AD995AA1
tnn,master,c286af0,caffe_mobilenetv1.opt,android-armv7,kirin980,kirin980,2xA76@2.6+2xA76@1.92+4xA55@1.8,Mali-G76 MP10,Dual NPU,YAL-AL00,big_cores,ARM,4,18.367,56.707,15.142,6.399,100,9,100,20,A00000AD995AA1
tnn,master,c286af0,caffe_mobilenetv1.opt,android-armv7,kirin980,kirin980,2xA76@2.6+2xA76@1.92+4xA55@1.8,Mali-G76 MP10,Dual NPU,YAL-AL00,big_cores,GPU_OPENCL,1,19.667,23.453,15.453,1.255,100,9,1000,20,A00000AD995AA1
tnn,master,c286af0,caffe_mobilenetv2.opt,android-armv7,kirin980,kirin980,2xA76@2.6+2xA76@1.92+4xA55@1.8,Mali-G76 MP10,Dual NPU,YAL-AL00,big_cores,ARM,1,31.767,32.291,31.162,0.387,100,9,100,20,A00000AD995AA1
tnn,master,c286af0,caffe_mobilenetv2.opt,android-armv7,kirin980,kirin980,2xA76@2.6+2xA76@1.92+4xA55@1.8,Mali-G76 MP10,Dual NPU,YAL-AL00,big_cores,ARM,2,20.170,22.899,18.452,1.113,100,9,100,20,A00000AD995AA1
tnn,master,c286af0,caffe_mobilenetv2.opt,android-armv7,kirin980,kirin980,2xA76@2.6+2xA76@1.92+4xA55@1.8,Mali-G76 MP10,Dual NPU,YAL-AL00,big_cores,ARM,4,13.518,15.056,13.069,0.517,100,9,100,20,A00000AD995AA1
tnn,master,c286af0,caffe_mobilenetv2.opt,android-armv7,kirin980,kirin980,2xA76@2.6+2xA76@1.92+4xA55@1.8,Mali-G76 MP10,Dual NPU,YAL-AL00,big_cores,GPU_OPENCL,1,19.216,24.903,15.827,1.278,100,9,1000,20,A00000AD995AA1
tnn,master,c286af0,tf_mobilenetv1.opt,android-armv7,kirin980,kirin980,2xA76@2.6+2xA76@1.92+4xA55@1.8,Mali-G76 MP10,Dual NPU,YAL-AL00,big_cores,ARM,1,39.980,42.119,38.552,1.057,100,9,100,20,A00000AD995AA1
tnn,master,c286af0,tf_mobilenetv1.opt,android-armv7,kirin980,kirin980,2xA76@2.6+2xA76@1.92+4xA55@1.8,Mali-G76 MP10,Dual NPU,YAL-AL00,big_cores,ARM,2,22.229,24.971,21.355,0.874,100,9,100,20,A00000AD995AA1
tnn,master,c286af0,tf_mobilenetv1.opt,android-armv7,kirin980,kirin980,2xA76@2.6+2xA76@1.92+4xA55@1.8,Mali-G76 MP10,Dual NPU,YAL-AL00,big_cores,ARM,4,15.893,17.794,15.237,0.578,100,9,100,20,A00000AD995AA1
tnn,master,c286af0,tf_mobilenetv1.opt,android-armv7,kirin980,kirin980,2xA76@2.6+2xA76@1.92+4xA55@1.8,Mali-G76 MP10,Dual NPU,YAL-AL00,big_cores,GPU_OPENCL,1,21.548,26.191,18.430,1.454,100,9,1000,20,A00000AD995AA1
tnn,master,c286af0,tf_mobilenetv2.opt,android-armv7,kirin980,kirin980,2xA76@2.6+2xA76@1.92+4xA55@1.8,Mali-G76 MP10,Dual NPU,YAL-AL00,big_cores,ARM,1,24.310,24.794,23.734,0.350,100,9,100,20,A00000AD995AA1
tnn,master,c286af0,tf_mobilenetv2.opt,android-armv7,kirin980,kirin980,2xA76@2.6+2xA76@1.92+4xA55@1.8,Mali-G76 MP10,Dual NPU,YAL-AL00,big_cores,ARM,2,14.712,14.829,14.585,0.053,100,9,100,20,A00000AD995AA1
tnn,master,c286af0,tf_mobilenetv2.opt,android-armv7,kirin980,kirin980,2xA76@2.6+2xA76@1.92+4xA55@1.8,Mali-G76 MP10,Dual NPU,YAL-AL00,big_cores,ARM,4,13.833,97.786,11.350,11.381,100,9,100,20,A00000AD995AA1
tnn,master,c286af0,tf_mobilenetv2.opt,android-armv7,kirin980,kirin980,2xA76@2.6+2xA76@1.92+4xA55@1.8,Mali-G76 MP10,Dual NPU,YAL-AL00,big_cores,GPU_OPENCL,1,20.662,25.700,16.225,1.727,100,9,1000,20,A00000AD995AA1
tnn,master,c286af0,caffe_mobilenetv1.opt,android-armv8,kirin980,kirin980,2xA76@2.6+2xA76@1.92+4xA55@1.8,Mali-G76 MP10,Dual NPU,YAL-AL00,big_cores,ARM,1,32.468,32.653,32.387,0.056,100,9,100,20,A00000AD995AA1
tnn,master,c286af0,caffe_mobilenetv1.opt,android-armv8,kirin980,kirin980,2xA76@2.6+2xA76@1.92+4xA55@1.8,Mali-G76 MP10,Dual NPU,YAL-AL00,big_cores,ARM,2,19.495,20.027,17.288,0.746,100,9,100,20,A00000AD995AA1
tnn,master,c286af0,caffe_mobilenetv1.opt,android-armv8,kirin980,kirin980,2xA76@2.6+2xA76@1.92+4xA55@1.8,Mali-G76 MP10,Dual NPU,YAL-AL00,big_cores,ARM,4,14.527,15.408,12.447,0.583,100,9,100,20,A00000AD995AA1
tnn,master,c286af0,caffe_mobilenetv1.opt,android-armv8,kirin980,kirin980,2xA76@2.6+2xA76@1.92+4xA55@1.8,Mali-G76 MP10,Dual NPU,YAL-AL00,big_cores,GPU_OPENCL,1,20.062,26.386,15.501,1.327,100,9,1000,20,A00000AD995AA1
tnn,master,c286af0,caffe_mobilenetv2.opt,android-armv8,kirin980,kirin980,2xA76@2.6+2xA76@1.92+4xA55@1.8,Mali-G76 MP10,Dual NPU,YAL-AL00,big_cores,ARM,1,28.938,29.170,28.852,0.046,100,9,100,20,A00000AD995AA1
tnn,master,c286af0,caffe_mobilenetv2.opt,android-armv8,kirin980,kirin980,2xA76@2.6+2xA76@1.92+4xA55@1.8,Mali-G76 MP10,Dual NPU,YAL-AL00,big_cores,ARM,2,16.498,16.582,16.441,0.025,100,9,100,20,A00000AD995AA1
tnn,master,c286af0,caffe_mobilenetv2.opt,android-armv8,kirin980,kirin980,2xA76@2.6+2xA76@1.92+4xA55@1.8,Mali-G76 MP10,Dual NPU,YAL-AL00,big_cores,ARM,4,12.370,12.965,12.196,0.169,100,9,100,20,A00000AD995AA1
tnn,master,c286af0,caffe_mobilenetv2.opt,android-armv8,kirin980,kirin980,2xA76@2.6+2xA76@1.92+4xA55@1.8,Mali-G76 MP10,Dual NPU,YAL-AL00,big_cores,GPU_OPENCL,1,19.836,25.014,16.101,1.427,100,9,1000,20,A00000AD995AA1
tnn,master,c286af0,tf_mobilenetv1.opt,android-armv8,kirin980,kirin980,2xA76@2.6+2xA76@1.92+4xA55@1.8,Mali-G76 MP10,Dual NPU,YAL-AL00,big_cores,ARM,1,33.214,33.350,33.135,0.044,100,9,100,20,A00000AD995AA1
tnn,master,c286af0,tf_mobilenetv1.opt,android-armv8,kirin980,kirin980,2xA76@2.6+2xA76@1.92+4xA55@1.8,Mali-G76 MP10,Dual NPU,YAL-AL00,big_cores,ARM,2,18.260,18.323,18.200,0.028,100,9,100,20,A00000AD995AA1
tnn,master,c286af0,tf_mobilenetv1.opt,android-armv8,kirin980,kirin980,2xA76@2.6+2xA76@1.92+4xA55@1.8,Mali-G76 MP10,Dual NPU,YAL-AL00,big_cores,ARM,4,13.724,16.233,13.452,0.378,100,9,100,20,A00000AD995AA1
tnn,master,c286af0,tf_mobilenetv1.opt,android-armv8,kirin980,kirin980,2xA76@2.6+2xA76@1.92+4xA55@1.8,Mali-G76 MP10,Dual NPU,YAL-AL00,big_cores,GPU_OPENCL,1,22.393,26.527,18.778,1.278,100,9,1000,20,A00000AD995AA1
tnn,master,c286af0,tf_mobilenetv2.opt,android-armv8,kirin980,kirin980,2xA76@2.6+2xA76@1.92+4xA55@1.8,Mali-G76 MP10,Dual NPU,YAL-AL00,big_cores,ARM,1,21.652,21.786,21.569,0.037,100,9,100,20,A00000AD995AA1
tnn,master,c286af0,tf_mobilenetv2.opt,android-armv8,kirin980,kirin980,2xA76@2.6+2xA76@1.92+4xA55@1.8,Mali-G76 MP10,Dual NPU,YAL-AL00,big_cores,ARM,2,13.312,13.399,13.242,0.030,100,9,100,20,A00000AD995AA1
tnn,master,c286af0,tf_mobilenetv2.opt,android-armv8,kirin980,kirin980,2xA76@2.6+2xA76@1.92+4xA55@1.8,Mali-G76 MP10,Dual NPU,YAL-AL00,big_cores,ARM,4,10.570,11.041,10.488,0.131,100,9,100,20,A00000AD995AA1
tnn,master,c286af0,tf_mobilenetv2.opt,android-armv8,kirin980,kirin980,2xA76@2.6+2xA76@1.92+4xA55@1.8,Mali-G76 MP10,Dual NPU,YAL-AL00,big_cores,GPU_OPENCL,1,20.665,25.571,16.697,1.602,100,9,1000,20,A00000AD995AA1
tnn,master,c286af0,caffe_mobilenetv1.opt,android-armv7,kirin810,kirin810,2xA76@2.27+6xA55@1.88,Mali-G52,D100@Lite,SPN-AL00,big_cores,ARM,1,45.616,46.516,45.136,0.233,100,9,100,20,A00000B7D25778
tnn,master,c286af0,caffe_mobilenetv1.opt,android-armv7,kirin810,kirin810,2xA76@2.27+6xA55@1.88,Mali-G52,D100@Lite,SPN-AL00,big_cores,ARM,2,24.369,25.237,24.170,0.204,100,9,100,20,A00000B7D25778
tnn,master,c286af0,caffe_mobilenetv1.opt,android-armv7,kirin810,kirin810,2xA76@2.27+6xA55@1.88,Mali-G52,D100@Lite,SPN-AL00,big_cores,ARM,4,25.810,60.428,24.148,6.249,100,9,100,20,A00000B7D25778
tnn,master,c286af0,caffe_mobilenetv1.opt,android-armv7,kirin810,kirin810,2xA76@2.27+6xA55@1.88,Mali-G52,D100@Lite,SPN-AL00,big_cores,GPU_OPENCL,1,21.725,27.430,15.335,1.147,100,9,1000,20,A00000B7D25778
tnn,master,c286af0,caffe_mobilenetv2.opt,android-armv7,kirin810,kirin810,2xA76@2.27+6xA55@1.88,Mali-G52,D100@Lite,SPN-AL00,big_cores,ARM,1,39.995,40.565,39.272,0.265,100,9,100,20,A00000B7D25778
tnn,master,c286af0,caffe_mobilenetv2.opt,android-armv7,kirin810,kirin810,2xA76@2.27+6xA55@1.88,Mali-G52,D100@Lite,SPN-AL00,big_cores,ARM,2,24.957,65.660,23.008,6.597,100,9,100,20,A00000B7D25778
tnn,master,c286af0,caffe_mobilenetv2.opt,android-armv7,kirin810,kirin810,2xA76@2.27+6xA55@1.88,Mali-G52,D100@Lite,SPN-AL00,big_cores,ARM,4,23.301,23.622,23.050,0.123,100,9,100,20,A00000B7D25778
tnn,master,c286af0,caffe_mobilenetv2.opt,android-armv7,kirin810,kirin810,2xA76@2.27+6xA55@1.88,Mali-G52,D100@Lite,SPN-AL00,big_cores,GPU_OPENCL,1,23.062,31.366,19.268,1.801,100,9,1000,20,A00000B7D25778
tnn,master,c286af0,tf_mobilenetv1.opt,android-armv7,kirin810,kirin810,2xA76@2.27+6xA55@1.88,Mali-G52,D100@Lite,SPN-AL00,big_cores,ARM,1,47.847,48.850,47.023,0.319,100,9,100,20,A00000B7D25778
tnn,master,c286af0,tf_mobilenetv1.opt,android-armv7,kirin810,kirin810,2xA76@2.27+6xA55@1.88,Mali-G52,D100@Lite,SPN-AL00,big_cores,ARM,2,25.773,26.224,25.561,0.135,100,9,100,20,A00000B7D25778
tnn,master,c286af0,tf_mobilenetv1.opt,android-armv7,kirin810,kirin810,2xA76@2.27+6xA55@1.88,Mali-G52,D100@Lite,SPN-AL00,big_cores,ARM,4,25.893,31.721,25.640,0.600,100,9,100,20,A00000B7D25778
tnn,master,c286af0,tf_mobilenetv1.opt,android-armv7,kirin810,kirin810,2xA76@2.27+6xA55@1.88,Mali-G52,D100@Lite,SPN-AL00,big_cores,GPU_OPENCL,1,24.995,29.730,21.478,1.611,100,9,1000,20,A00000B7D25778
tnn,master,c286af0,tf_mobilenetv2.opt,android-armv7,kirin810,kirin810,2xA76@2.27+6xA55@1.88,Mali-G52,D100@Lite,SPN-AL00,big_cores,ARM,1,30.565,31.443,29.626,0.437,100,9,100,20,A00000B7D25778
tnn,master,c286af0,tf_mobilenetv2.opt,android-armv7,kirin810,kirin810,2xA76@2.27+6xA55@1.88,Mali-G52,D100@Lite,SPN-AL00,big_cores,ARM,2,18.879,19.081,18.727,0.068,100,9,100,20,A00000B7D25778
tnn,master,c286af0,tf_mobilenetv2.opt,android-armv7,kirin810,kirin810,2xA76@2.27+6xA55@1.88,Mali-G52,D100@Lite,SPN-AL00,big_cores,ARM,4,19.791,47.458,18.170,5.162,100,9,100,20,A00000B7D25778
tnn,master,c286af0,tf_mobilenetv2.opt,android-armv7,kirin810,kirin810,2xA76@2.27+6xA55@1.88,Mali-G52,D100@Lite,SPN-AL00,big_cores,GPU_OPENCL,1,25.547,35.588,19.395,2.370,100,9,1000,20,A00000B7D25778
tnn,master,c286af0,caffe_mobilenetv1.opt,android-armv8,kirin810,kirin810,2xA76@2.27+6xA55@1.88,Mali-G52,D100@Lite,SPN-AL00,big_cores,ARM,1,39.108,39.509,38.680,0.203,100,9,100,20,A00000B7D25778
tnn,master,c286af0,caffe_mobilenetv1.opt,android-armv8,kirin810,kirin810,2xA76@2.27+6xA55@1.88,Mali-G52,D100@Lite,SPN-AL00,big_cores,ARM,2,20.783,20.985,20.656,0.054,100,9,100,20,A00000B7D25778
tnn,master,c286af0,caffe_mobilenetv1.opt,android-armv8,kirin810,kirin810,2xA76@2.27+6xA55@1.88,Mali-G52,D100@Lite,SPN-AL00,big_cores,ARM,4,20.967,21.071,20.862,0.042,100,9,100,20,A00000B7D25778
tnn,master,c286af0,caffe_mobilenetv1.opt,android-armv8,kirin810,kirin810,2xA76@2.27+6xA55@1.88,Mali-G52,D100@Lite,SPN-AL00,big_cores,GPU_OPENCL,1,21.848,27.325,19.023,1.182,100,9,1000,20,A00000B7D25778
tnn,master,c286af0,caffe_mobilenetv2.opt,android-armv8,kirin810,kirin810,2xA76@2.27+6xA55@1.88,Mali-G52,D100@Lite,SPN-AL00,big_cores,ARM,1,36.546,37.210,36.332,0.102,100,9,100,20,A00000B7D25778
tnn,master,c286af0,caffe_mobilenetv2.opt,android-armv8,kirin810,kirin810,2xA76@2.27+6xA55@1.88,Mali-G52,D100@Lite,SPN-AL00,big_cores,ARM,2,21.080,21.473,20.939,0.079,100,9,100,20,A00000B7D25778
tnn,master,c286af0,caffe_mobilenetv2.opt,android-armv8,kirin810,kirin810,2xA76@2.27+6xA55@1.88,Mali-G52,D100@Lite,SPN-AL00,big_cores,ARM,4,21.181,21.385,21.073,0.054,100,9,100,20,A00000B7D25778
tnn,master,c286af0,caffe_mobilenetv2.opt,android-armv8,kirin810,kirin810,2xA76@2.27+6xA55@1.88,Mali-G52,D100@Lite,SPN-AL00,big_cores,GPU_OPENCL,1,23.736,33.613,18.765,2.159,100,9,1000,20,A00000B7D25778
tnn,master,c286af0,tf_mobilenetv1.opt,android-armv8,kirin810,kirin810,2xA76@2.27+6xA55@1.88,Mali-G52,D100@Lite,SPN-AL00,big_cores,ARM,1,41.318,41.875,40.729,0.326,100,9,100,20,A00000B7D25778
tnn,master,c286af0,tf_mobilenetv1.opt,android-armv8,kirin810,kirin810,2xA76@2.27+6xA55@1.88,Mali-G52,D100@Lite,SPN-AL00,big_cores,ARM,2,22.367,22.531,22.276,0.047,100,9,100,20,A00000B7D25778
tnn,master,c286af0,tf_mobilenetv1.opt,android-armv8,kirin810,kirin810,2xA76@2.27+6xA55@1.88,Mali-G52,D100@Lite,SPN-AL00,big_cores,ARM,4,22.654,22.973,22.495,0.055,100,9,100,20,A00000B7D25778
tnn,master,c286af0,tf_mobilenetv1.opt,android-armv8,kirin810,kirin810,2xA76@2.27+6xA55@1.88,Mali-G52,D100@Lite,SPN-AL00,big_cores,GPU_OPENCL,1,25.892,37.555,19.754,1.806,100,9,1000,20,A00000B7D25778
tnn,master,c286af0,tf_mobilenetv2.opt,android-armv8,kirin810,kirin810,2xA76@2.27+6xA55@1.88,Mali-G52,D100@Lite,SPN-AL00,big_cores,ARM,1,28.320,28.473,28.199,0.054,100,9,100,20,A00000B7D25778
tnn,master,c286af0,tf_mobilenetv2.opt,android-armv8,kirin810,kirin810,2xA76@2.27+6xA55@1.88,Mali-G52,D100@Lite,SPN-AL00,big_cores,ARM,2,17.072,17.576,16.724,0.119,100,9,100,20,A00000B7D25778
tnn,master,c286af0,tf_mobilenetv2.opt,android-armv8,kirin810,kirin810,2xA76@2.27+6xA55@1.88,Mali-G52,D100@Lite,SPN-AL00,big_cores,ARM,4,17.195,17.449,17.038,0.078,100,9,100,20,A00000B7D25778
tnn,master,c286af0,tf_mobilenetv2.opt,android-armv8,kirin810,kirin810,2xA76@2.27+6xA55@1.88,Mali-G52,D100@Lite,SPN-AL00,big_cores,GPU_OPENCL,1,26.626,35.338,19.863,2.478,100,9,1000,20,A00000B7D25778
tnn,master,c286af0,caffe_mobilenetv1.opt,android-armv7,msmnile,SD855,Kyro485:1xA76@2.84+3xA76@2.42+4xA55@1.8,Adreno-640@585,Hexagon-690,MI 9,big_cores,ARM,1,32.158,32.320,31.958,0.076,100,10,100,20,99001332379315
tnn,master,c286af0,caffe_mobilenetv1.opt,android-armv7,msmnile,SD855,Kyro485:1xA76@2.84+3xA76@2.42+4xA55@1.8,Adreno-640@585,Hexagon-690,MI 9,big_cores,ARM,2,19.405,20.080,19.293,0.116,100,10,100,20,99001332379315
tnn,master,c286af0,caffe_mobilenetv1.opt,android-armv7,msmnile,SD855,Kyro485:1xA76@2.84+3xA76@2.42+4xA55@1.8,Adreno-640@585,Hexagon-690,MI 9,big_cores,ARM,4,38.676,211.158,19.666,27.655,100,10,100,20,99001332379315
tnn,master,c286af0,caffe_mobilenetv1.opt,android-armv7,msmnile,SD855,Kyro485:1xA76@2.84+3xA76@2.42+4xA55@1.8,Adreno-640@585,Hexagon-690,MI 9,big_cores,GPU_OPENCL,1,11.834,21.355,9.702,0.488,100,10,1000,20,99001332379315
tnn,master,c286af0,caffe_mobilenetv2.opt,android-armv7,msmnile,SD855,Kyro485:1xA76@2.84+3xA76@2.42+4xA55@1.8,Adreno-640@585,Hexagon-690,MI 9,big_cores,ARM,1,28.114,28.352,27.853,0.095,100,10,100,20,99001332379315
tnn,master,c286af0,caffe_mobilenetv2.opt,android-armv7,msmnile,SD855,Kyro485:1xA76@2.84+3xA76@2.42+4xA55@1.8,Adreno-640@585,Hexagon-690,MI 9,big_cores,ARM,2,18.367,29.174,17.261,2.171,100,10,100,20,99001332379315
tnn,master,c286af0,caffe_mobilenetv2.opt,android-armv7,msmnile,SD855,Kyro485:1xA76@2.84+3xA76@2.42+4xA55@1.8,Adreno-640@585,Hexagon-690,MI 9,big_cores,ARM,4,25.947,79.808,18.250,13.308,100,10,100,20,99001332379315
tnn,master,c286af0,caffe_mobilenetv2.opt,android-armv7,msmnile,SD855,Kyro485:1xA76@2.84+3xA76@2.42+4xA55@1.8,Adreno-640@585,Hexagon-690,MI 9,big_cores,GPU_OPENCL,1,11.315,15.817,9.651,0.743,100,10,1000,20,99001332379315
tnn,master,c286af0,tf_mobilenetv1.opt,android-armv7,msmnile,SD855,Kyro485:1xA76@2.84+3xA76@2.42+4xA55@1.8,Adreno-640@585,Hexagon-690,MI 9,big_cores,ARM,1,38.408,40.005,34.502,1.639,100,10,100,20,99001332379315
tnn,master,c286af0,tf_mobilenetv1.opt,android-armv7,msmnile,SD855,Kyro485:1xA76@2.84+3xA76@2.42+4xA55@1.8,Adreno-640@585,Hexagon-690,MI 9,big_cores,ARM,2,21.946,30.038,20.976,1.213,100,10,100,20,99001332379315
tnn,master,c286af0,tf_mobilenetv1.opt,android-armv7,msmnile,SD855,Kyro485:1xA76@2.84+3xA76@2.42+4xA55@1.8,Adreno-640@585,Hexagon-690,MI 9,big_cores,ARM,4,64.267,69.556,25.899,11.298,100,10,100,20,99001332379315
tnn,master,c286af0,tf_mobilenetv1.opt,android-armv7,msmnile,SD855,Kyro485:1xA76@2.84+3xA76@2.42+4xA55@1.8,Adreno-640@585,Hexagon-690,MI 9,big_cores,GPU_OPENCL,1,11.538,14.245,9.785,0.478,100,10,1000,20,99001332379315
tnn,master,c286af0,tf_mobilenetv2.opt,android-armv7,msmnile,SD855,Kyro485:1xA76@2.84+3xA76@2.42+4xA55@1.8,Adreno-640@585,Hexagon-690,MI 9,big_cores,ARM,1,25.773,26.282,25.289,0.177,100,10,100,20,99001332379315
tnn,master,c286af0,tf_mobilenetv2.opt,android-armv7,msmnile,SD855,Kyro485:1xA76@2.84+3xA76@2.42+4xA55@1.8,Adreno-640@585,Hexagon-690,MI 9,big_cores,ARM,2,14.945,15.123,14.791,0.070,100,10,100,20,99001332379315
tnn,master,c286af0,tf_mobilenetv2.opt,android-armv7,msmnile,SD855,Kyro485:1xA76@2.84+3xA76@2.42+4xA55@1.8,Adreno-640@585,Hexagon-690,MI 9,big_cores,ARM,4,44.427,227.558,34.245,19.023,100,10,100,20,99001332379315
tnn,master,c286af0,tf_mobilenetv2.opt,android-armv7,msmnile,SD855,Kyro485:1xA76@2.84+3xA76@2.42+4xA55@1.8,Adreno-640@585,Hexagon-690,MI 9,big_cores,GPU_OPENCL,1,9.896,13.453,8.627,0.826,100,10,1000,20,99001332379315
tnn,master,c286af0,caffe_mobilenetv1.opt,android-armv8,msmnile,SD855,Kyro485:1xA76@2.84+3xA76@2.42+4xA55@1.8,Adreno-640@585,Hexagon-690,MI 9,big_cores,ARM,1,35.258,35.603,34.827,0.201,100,10,100,20,99001332379315
tnn,master,c286af0,caffe_mobilenetv1.opt,android-armv8,msmnile,SD855,Kyro485:1xA76@2.84+3xA76@2.42+4xA55@1.8,Adreno-640@585,Hexagon-690,MI 9,big_cores,ARM,2,18.400,18.693,18.201,0.124,100,10,100,20,99001332379315
tnn,master,c286af0,caffe_mobilenetv1.opt,android-armv8,msmnile,SD855,Kyro485:1xA76@2.84+3xA76@2.42+4xA55@1.8,Adreno-640@585,Hexagon-690,MI 9,big_cores,ARM,4,38.502,39.457,37.887,0.257,100,10,100,20,99001332379315
tnn,master,c286af0,caffe_mobilenetv1.opt,android-armv8,msmnile,SD855,Kyro485:1xA76@2.84+3xA76@2.42+4xA55@1.8,Adreno-640@585,Hexagon-690,MI 9,big_cores,GPU_OPENCL,1,11.305,13.449,10.737,0.355,100,10,1000,20,99001332379315
tnn,master,c286af0,caffe_mobilenetv2.opt,android-armv8,msmnile,SD855,Kyro485:1xA76@2.84+3xA76@2.42+4xA55@1.8,Adreno-640@585,Hexagon-690,MI 9,big_cores,ARM,1,30.806,31.113,30.639,0.098,100,10,100,20,99001332379315
tnn,master,c286af0,caffe_mobilenetv2.opt,android-armv8,msmnile,SD855,Kyro485:1xA76@2.84+3xA76@2.42+4xA55@1.8,Adreno-640@585,Hexagon-690,MI 9,big_cores,ARM,2,17.434,17.597,17.298,0.057,100,10,100,20,99001332379315
tnn,master,c286af0,caffe_mobilenetv2.opt,android-armv8,msmnile,SD855,Kyro485:1xA76@2.84+3xA76@2.42+4xA55@1.8,Adreno-640@585,Hexagon-690,MI 9,big_cores,ARM,4,36.208,37.437,35.412,0.413,100,10,100,20,99001332379315
tnn,master,c286af0,caffe_mobilenetv2.opt,android-armv8,msmnile,SD855,Kyro485:1xA76@2.84+3xA76@2.42+4xA55@1.8,Adreno-640@585,Hexagon-690,MI 9,big_cores,GPU_OPENCL,1,11.313,16.879,9.957,0.770,100,10,1000,20,99001332379315
tnn,master,c286af0,tf_mobilenetv1.opt,android-armv8,msmnile,SD855,Kyro485:1xA76@2.84+3xA76@2.42+4xA55@1.8,Adreno-640@585,Hexagon-690,MI 9,big_cores,ARM,1,36.085,36.526,35.589,0.187,100,10,100,20,99001332379315
tnn,master,c286af0,tf_mobilenetv1.opt,android-armv8,msmnile,SD855,Kyro485:1xA76@2.84+3xA76@2.42+4xA55@1.8,Adreno-640@585,Hexagon-690,MI 9,big_cores,ARM,2,19.169,19.601,19.009,0.143,100,10,100,20,99001332379315
tnn,master,c286af0,tf_mobilenetv1.opt,android-armv8,msmnile,SD855,Kyro485:1xA76@2.84+3xA76@2.42+4xA55@1.8,Adreno-640@585,Hexagon-690,MI 9,big_cores,ARM,4,38.406,40.854,37.880,0.624,100,10,100,20,99001332379315
tnn,master,c286af0,tf_mobilenetv1.opt,android-armv8,msmnile,SD855,Kyro485:1xA76@2.84+3xA76@2.42+4xA55@1.8,Adreno-640@585,Hexagon-690,MI 9,big_cores,GPU_OPENCL,1,11.124,13.208,9.260,0.420,100,10,1000,20,99001332379315
tnn,master,c286af0,tf_mobilenetv2.opt,android-armv8,msmnile,SD855,Kyro485:1xA76@2.84+3xA76@2.42+4xA55@1.8,Adreno-640@585,Hexagon-690,MI 9,big_cores,ARM,1,23.426,23.674,23.245,0.105,100,10,100,20,99001332379315
tnn,master,c286af0,tf_mobilenetv2.opt,android-armv8,msmnile,SD855,Kyro485:1xA76@2.84+3xA76@2.42+4xA55@1.8,Adreno-640@585,Hexagon-690,MI 9,big_cores,ARM,2,13.770,13.888,13.655,0.048,100,10,100,20,99001332379315
tnn,master,c286af0,tf_mobilenetv2.opt,android-armv8,msmnile,SD855,Kyro485:1xA76@2.84+3xA76@2.42+4xA55@1.8,Adreno-640@585,Hexagon-690,MI 9,big_cores,ARM,4,26.747,27.777,25.825,0.396,100,10,100,20,99001332379315
tnn,master,c286af0,tf_mobilenetv2.opt,android-armv8,msmnile,SD855,Kyro485:1xA76@2.84+3xA76@2.42+4xA55@1.8,Adreno-640@585,Hexagon-690,MI 9,big_cores,GPU_OPENCL,1,9.925,14.269,8.499,0.898,100,10,1000,20,99001332379315
tnn,master,c286af0,caffe_mobilenetv1.opt,android-armv7,msm8998,SD835,Kryo285:4x@2.45+4x@1.9,Adreno-540@670/710,Hexagon-682,MIX 2,big_cores,ARM,1,100.499,105.524,96.399,1.718,100,8.0.0,100,20,865736034417108
tnn,master,c286af0,caffe_mobilenetv1.opt,android-armv7,msm8998,SD835,Kryo285:4x@2.45+4x@1.9,Adreno-540@670/710,Hexagon-682,MIX 2,big_cores,ARM,2,55.998,59.241,55.067,0.715,100,8.0.0,100,20,865736034417108
tnn,master,c286af0,caffe_mobilenetv1.opt,android-armv7,msm8998,SD835,Kryo285:4x@2.45+4x@1.9,Adreno-540@670/710,Hexagon-682,MIX 2,big_cores,ARM,4,33.835,34.827,32.408,0.483,100,8.0.0,100,20,865736034417108
tnn,master,c286af0,caffe_mobilenetv1.opt,android-armv7,msm8998,SD835,Kryo285:4x@2.45+4x@1.9,Adreno-540@670/710,Hexagon-682,MIX 2,big_cores,GPU_OPENCL,1,13.188,14.074,12.048,0.419,100,8.0.0,1000,20,865736034417108
tnn,master,c286af0,caffe_mobilenetv2.opt,android-armv7,msm8998,SD835,Kryo285:4x@2.45+4x@1.9,Adreno-540@670/710,Hexagon-682,MIX 2,big_cores,ARM,1,90.106,93.126,86.890,1.359,100,8.0.0,100,20,865736034417108
tnn,master,c286af0,caffe_mobilenetv2.opt,android-armv7,msm8998,SD835,Kryo285:4x@2.45+4x@1.9,Adreno-540@670/710,Hexagon-682,MIX 2,big_cores,ARM,2,51.255,58.004,50.072,1.122,100,8.0.0,100,20,865736034417108
tnn,master,c286af0,caffe_mobilenetv2.opt,android-armv7,msm8998,SD835,Kryo285:4x@2.45+4x@1.9,Adreno-540@670/710,Hexagon-682,MIX 2,big_cores,ARM,4,31.144,35.264,30.080,0.878,100,8.0.0,100,20,865736034417108
tnn,master,c286af0,caffe_mobilenetv2.opt,android-armv7,msm8998,SD835,Kryo285:4x@2.45+4x@1.9,Adreno-540@670/710,Hexagon-682,MIX 2,big_cores,GPU_OPENCL,1,13.120,14.117,12.036,0.487,100,8.0.0,1000,20,865736034417108
tnn,master,c286af0,tf_mobilenetv1.opt,android-armv7,msm8998,SD835,Kryo285:4x@2.45+4x@1.9,Adreno-540@670/710,Hexagon-682,MIX 2,big_cores,ARM,1,122.304,128.080,117.386,1.893,100,8.0.0,100,20,865736034417108
tnn,master,c286af0,tf_mobilenetv1.opt,android-armv7,msm8998,SD835,Kryo285:4x@2.45+4x@1.9,Adreno-540@670/710,Hexagon-682,MIX 2,big_cores,ARM,2,60.238,65.424,58.134,1.423,100,8.0.0,100,20,865736034417108
tnn,master,c286af0,tf_mobilenetv1.opt,android-armv7,msm8998,SD835,Kryo285:4x@2.45+4x@1.9,Adreno-540@670/710,Hexagon-682,MIX 2,big_cores,ARM,4,38.030,42.396,37.296,0.784,100,8.0.0,100,20,865736034417108
tnn,master,c286af0,tf_mobilenetv1.opt,android-armv7,msm8998,SD835,Kryo285:4x@2.45+4x@1.9,Adreno-540@670/710,Hexagon-682,MIX 2,big_cores,GPU_OPENCL,1,13.091,14.193,11.956,0.451,100,8.0.0,1000,20,865736034417108
tnn,master,c286af0,tf_mobilenetv2.opt,android-armv7,msm8998,SD835,Kryo285:4x@2.45+4x@1.9,Adreno-540@670/710,Hexagon-682,MIX 2,big_cores,ARM,1,76.940,79.606,74.738,0.926,100,8.0.0,100,20,865736034417108
tnn,master,c286af0,tf_mobilenetv2.opt,android-armv7,msm8998,SD835,Kryo285:4x@2.45+4x@1.9,Adreno-540@670/710,Hexagon-682,MIX 2,big_cores,ARM,2,42.934,50.235,41.877,1.325,100,8.0.0,100,20,865736034417108
tnn,master,c286af0,tf_mobilenetv2.opt,android-armv7,msm8998,SD835,Kryo285:4x@2.45+4x@1.9,Adreno-540@670/710,Hexagon-682,MIX 2,big_cores,ARM,4,26.768,30.487,26.299,0.545,100,8.0.0,100,20,865736034417108
tnn,master,c286af0,tf_mobilenetv2.opt,android-armv7,msm8998,SD835,Kryo285:4x@2.45+4x@1.9,Adreno-540@670/710,Hexagon-682,MIX 2,big_cores,GPU_OPENCL,1,11.389,12.579,10.020,0.450,100,8.0.0,1000,20,865736034417108
tnn,master,c286af0,caffe_mobilenetv1.opt,android-armv8,msm8998,SD835,Kryo285:4x@2.45+4x@1.9,Adreno-540@670/710,Hexagon-682,MIX 2,big_cores,ARM,1,97.317,99.082,95.820,0.736,100,8.0.0,100,20,865736034417108
tnn,master,c286af0,caffe_mobilenetv1.opt,android-armv8,msm8998,SD835,Kryo285:4x@2.45+4x@1.9,Adreno-540@670/710,Hexagon-682,MIX 2,big_cores,ARM,2,50.456,51.950,49.287,0.569,100,8.0.0,100,20,865736034417108
tnn,master,c286af0,caffe_mobilenetv1.opt,android-armv8,msm8998,SD835,Kryo285:4x@2.45+4x@1.9,Adreno-540@670/710,Hexagon-682,MIX 2,big_cores,ARM,4,54.902,238.200,48.945,23.534,100,8.0.0,100,20,865736034417108
tnn,master,c286af0,caffe_mobilenetv1.opt,android-armv8,msm8998,SD835,Kryo285:4x@2.45+4x@1.9,Adreno-540@670/710,Hexagon-682,MIX 2,big_cores,GPU_OPENCL,1,12.995,13.908,11.866,0.449,100,8.0.0,1000,20,865736034417108
tnn,master,c286af0,caffe_mobilenetv2.opt,android-armv8,msm8998,SD835,Kryo285:4x@2.45+4x@1.9,Adreno-540@670/710,Hexagon-682,MIX 2,big_cores,ARM,1,82.607,83.842,81.775,0.406,100,8.0.0,100,20,865736034417108
tnn,master,c286af0,caffe_mobilenetv2.opt,android-armv8,msm8998,SD835,Kryo285:4x@2.45+4x@1.9,Adreno-540@670/710,Hexagon-682,MIX 2,big_cores,ARM,2,46.151,48.102,45.528,0.385,100,8.0.0,100,20,865736034417108
tnn,master,c286af0,caffe_mobilenetv2.opt,android-armv8,msm8998,SD835,Kryo285:4x@2.45+4x@1.9,Adreno-540@670/710,Hexagon-682,MIX 2,big_cores,ARM,4,34.136,35.048,33.511,0.306,100,8.0.0,100,20,865736034417108
tnn,master,c286af0,caffe_mobilenetv2.opt,android-armv8,msm8998,SD835,Kryo285:4x@2.45+4x@1.9,Adreno-540@670/710,Hexagon-682,MIX 2,big_cores,GPU_OPENCL,1,12.924,13.774,11.876,0.428,100,8.0.0,1000,20,865736034417108
tnn,master,c286af0,tf_mobilenetv1.opt,android-armv8,msm8998,SD835,Kryo285:4x@2.45+4x@1.9,Adreno-540@670/710,Hexagon-682,MIX 2,big_cores,ARM,1,97.071,100.068,95.466,0.840,100,8.0.0,100,20,865736034417108
tnn,master,c286af0,tf_mobilenetv1.opt,android-armv8,msm8998,SD835,Kryo285:4x@2.45+4x@1.9,Adreno-540@670/710,Hexagon-682,MIX 2,big_cores,ARM,2,52.947,55.003,52.038,0.526,100,8.0.0,100,20,865736034417108
tnn,master,c286af0,tf_mobilenetv1.opt,android-armv8,msm8998,SD835,Kryo285:4x@2.45+4x@1.9,Adreno-540@670/710,Hexagon-682,MIX 2,big_cores,ARM,4,73.909,247.320,65.660,32.078,100,8.0.0,100,20,865736034417108
tnn,master,c286af0,tf_mobilenetv1.opt,android-armv8,msm8998,SD835,Kryo285:4x@2.45+4x@1.9,Adreno-540@670/710,Hexagon-682,MIX 2,big_cores,GPU_OPENCL,1,12.630,13.508,11.566,0.436,100,8.0.0,1000,20,865736034417108
tnn,master,c286af0,tf_mobilenetv2.opt,android-armv8,msm8998,SD835,Kryo285:4x@2.45+4x@1.9,Adreno-540@670/710,Hexagon-682,MIX 2,big_cores,ARM,1,62.423,65.702,61.735,0.528,100,8.0.0,100,20,865736034417108
tnn,master,c286af0,tf_mobilenetv2.opt,android-armv8,msm8998,SD835,Kryo285:4x@2.45+4x@1.9,Adreno-540@670/710,Hexagon-682,MIX 2,big_cores,ARM,2,35.932,36.996,35.426,0.313,100,8.0.0,100,20,865736034417108
tnn,master,c286af0,tf_mobilenetv2.opt,android-armv8,msm8998,SD835,Kryo285:4x@2.45+4x@1.9,Adreno-540@670/710,Hexagon-682,MIX 2,big_cores,ARM,4,27.543,28.436,27.062,0.254,100,8.0.0,100,20,865736034417108
tnn,master,c286af0,tf_mobilenetv2.opt,android-armv8,msm8998,SD835,Kryo285:4x@2.45+4x@1.9,Adreno-540@670/710,Hexagon-682,MIX 2,big_cores,GPU_OPENCL,1,11.160,11.741,9.949,0.294,100,8.0.0,1000,20,865736034417108
tnn,master,c286af0,caffe_mobilenetv1.opt,android-armv7,kirin820,kirin820,1xA76@2.36+3xA76@2.22+4xA55@1.84,Mali-G57 MP6,D110@Lite,TEL-AN00,big_cores,ARM,1,45.067,70.996,43.712,3.500,100,10,100,20,865774040746319
tnn,master,c286af0,caffe_mobilenetv1.opt,android-armv7,kirin820,kirin820,1xA76@2.36+3xA76@2.22+4xA55@1.84,Mali-G57 MP6,D110@Lite,TEL-AN00,big_cores,ARM,2,26.173,41.433,25.009,2.539,100,10,100,20,865774040746319
tnn,master,c286af0,caffe_mobilenetv1.opt,android-armv7,kirin820,kirin820,1xA76@2.36+3xA76@2.22+4xA55@1.84,Mali-G57 MP6,D110@Lite,TEL-AN00,big_cores,ARM,4,18.130,93.055,14.744,9.368,100,10,100,20,865774040746319
tnn,master,c286af0,caffe_mobilenetv1.opt,android-armv7,kirin820,kirin820,1xA76@2.36+3xA76@2.22+4xA55@1.84,Mali-G57 MP6,D110@Lite,TEL-AN00,big_cores,GPU_OPENCL,1,16.424,37.784,11.907,1.554,100,10,1000,20,865774040746319
tnn,master,c286af0,caffe_mobilenetv2.opt,android-armv7,kirin820,kirin820,1xA76@2.36+3xA76@2.22+4xA55@1.84,Mali-G57 MP6,D110@Lite,TEL-AN00,big_cores,ARM,1,37.868,38.888,37.025,0.401,100,10,100,20,865774040746319
tnn,master,c286af0,caffe_mobilenetv2.opt,android-armv7,kirin820,kirin820,1xA76@2.36+3xA76@2.22+4xA55@1.84,Mali-G57 MP6,D110@Lite,TEL-AN00,big_cores,ARM,2,23.106,30.573,22.386,1.357,100,10,100,20,865774040746319
tnn,master,c286af0,caffe_mobilenetv2.opt,android-armv7,kirin820,kirin820,1xA76@2.36+3xA76@2.22+4xA55@1.84,Mali-G57 MP6,D110@Lite,TEL-AN00,big_cores,ARM,4,15.006,18.877,14.412,0.436,100,10,100,20,865774040746319
tnn,master,c286af0,caffe_mobilenetv2.opt,android-armv7,kirin820,kirin820,1xA76@2.36+3xA76@2.22+4xA55@1.84,Mali-G57 MP6,D110@Lite,TEL-AN00,big_cores,GPU_OPENCL,1,15.313,24.742,10.891,1.772,100,10,1000,20,865774040746319
tnn,master,c286af0,tf_mobilenetv1.opt,android-armv7,kirin820,kirin820,1xA76@2.36+3xA76@2.22+4xA55@1.84,Mali-G57 MP6,D110@Lite,TEL-AN00,big_cores,ARM,1,45.224,46.472,44.865,0.300,100,10,100,20,865774040746319
tnn,master,c286af0,tf_mobilenetv1.opt,android-armv7,kirin820,kirin820,1xA76@2.36+3xA76@2.22+4xA55@1.84,Mali-G57 MP6,D110@Lite,TEL-AN00,big_cores,ARM,2,26.797,33.151,26.166,1.258,100,10,100,20,865774040746319
tnn,master,c286af0,tf_mobilenetv1.opt,android-armv7,kirin820,kirin820,1xA76@2.36+3xA76@2.22+4xA55@1.84,Mali-G57 MP6,D110@Lite,TEL-AN00,big_cores,ARM,4,16.059,16.823,15.847,0.186,100,10,100,20,865774040746319
tnn,master,c286af0,tf_mobilenetv1.opt,android-armv7,kirin820,kirin820,1xA76@2.36+3xA76@2.22+4xA55@1.84,Mali-G57 MP6,D110@Lite,TEL-AN00,big_cores,GPU_OPENCL,1,20.073,27.872,16.043,1.561,100,10,1000,20,865774040746319
tnn,master,c286af0,tf_mobilenetv2.opt,android-armv7,kirin820,kirin820,1xA76@2.36+3xA76@2.22+4xA55@1.84,Mali-G57 MP6,D110@Lite,TEL-AN00,big_cores,ARM,1,28.921,29.816,28.381,0.320,100,10,100,20,865774040746319
tnn,master,c286af0,tf_mobilenetv2.opt,android-armv7,kirin820,kirin820,1xA76@2.36+3xA76@2.22+4xA55@1.84,Mali-G57 MP6,D110@Lite,TEL-AN00,big_cores,ARM,2,18.828,26.566,18.101,1.309,100,10,100,20,865774040746319
tnn,master,c286af0,tf_mobilenetv2.opt,android-armv7,kirin820,kirin820,1xA76@2.36+3xA76@2.22+4xA55@1.84,Mali-G57 MP6,D110@Lite,TEL-AN00,big_cores,ARM,4,13.226,13.921,12.499,0.173,100,10,100,20,865774040746319
tnn,master,c286af0,tf_mobilenetv2.opt,android-armv7,kirin820,kirin820,1xA76@2.36+3xA76@2.22+4xA55@1.84,Mali-G57 MP6,D110@Lite,TEL-AN00,big_cores,GPU_OPENCL,1,20.059,27.572,14.536,2.347,100,10,1000,20,865774040746319
tnn,master,c286af0,caffe_mobilenetv1.opt,android-armv8,kirin820,kirin820,1xA76@2.36+3xA76@2.22+4xA55@1.84,Mali-G57 MP6,D110@Lite,TEL-AN00,big_cores,ARM,1,38.012,38.500,37.824,0.118,100,10,100,20,865774040746319
tnn,master,c286af0,caffe_mobilenetv1.opt,android-armv8,kirin820,kirin820,1xA76@2.36+3xA76@2.22+4xA55@1.84,Mali-G57 MP6,D110@Lite,TEL-AN00,big_cores,ARM,2,22.221,22.837,22.096,0.096,100,10,100,20,865774040746319
tnn,master,c286af0,caffe_mobilenetv1.opt,android-armv8,kirin820,kirin820,1xA76@2.36+3xA76@2.22+4xA55@1.84,Mali-G57 MP6,D110@Lite,TEL-AN00,big_cores,ARM,4,13.309,13.877,13.047,0.176,100,10,100,20,865774040746319
tnn,master,c286af0,caffe_mobilenetv1.opt,android-armv8,kirin820,kirin820,1xA76@2.36+3xA76@2.22+4xA55@1.84,Mali-G57 MP6,D110@Lite,TEL-AN00,big_cores,GPU_OPENCL,1,14.854,19.715,11.879,1.562,100,10,1000,20,865774040746319
tnn,master,c286af0,caffe_mobilenetv2.opt,android-armv8,kirin820,kirin820,1xA76@2.36+3xA76@2.22+4xA55@1.84,Mali-G57 MP6,D110@Lite,TEL-AN00,big_cores,ARM,1,34.442,35.110,34.199,0.171,100,10,100,20,865774040746319
tnn,master,c286af0,caffe_mobilenetv2.opt,android-armv8,kirin820,kirin820,1xA76@2.36+3xA76@2.22+4xA55@1.84,Mali-G57 MP6,D110@Lite,TEL-AN00,big_cores,ARM,2,21.134,21.743,20.901,0.155,100,10,100,20,865774040746319
tnn,master,c286af0,caffe_mobilenetv2.opt,android-armv8,kirin820,kirin820,1xA76@2.36+3xA76@2.22+4xA55@1.84,Mali-G57 MP6,D110@Lite,TEL-AN00,big_cores,ARM,4,14.738,21.317,13.672,0.787,100,10,100,20,865774040746319
tnn,master,c286af0,caffe_mobilenetv2.opt,android-armv8,kirin820,kirin820,1xA76@2.36+3xA76@2.22+4xA55@1.84,Mali-G57 MP6,D110@Lite,TEL-AN00,big_cores,GPU_OPENCL,1,15.252,20.251,12.029,1.503,100,10,1000,20,865774040746319
tnn,master,c286af0,tf_mobilenetv1.opt,android-armv8,kirin820,kirin820,1xA76@2.36+3xA76@2.22+4xA55@1.84,Mali-G57 MP6,D110@Lite,TEL-AN00,big_cores,ARM,1,39.150,39.977,38.940,0.162,100,10,100,20,865774040746319
tnn,master,c286af0,tf_mobilenetv1.opt,android-armv8,kirin820,kirin820,1xA76@2.36+3xA76@2.22+4xA55@1.84,Mali-G57 MP6,D110@Lite,TEL-AN00,big_cores,ARM,2,23.638,24.327,23.264,0.269,100,10,100,20,865774040746319
tnn,master,c286af0,tf_mobilenetv1.opt,android-armv8,kirin820,kirin820,1xA76@2.36+3xA76@2.22+4xA55@1.84,Mali-G57 MP6,D110@Lite,TEL-AN00,big_cores,ARM,4,14.433,15.166,14.232,0.162,100,10,100,20,865774040746319
tnn,master,c286af0,tf_mobilenetv1.opt,android-armv8,kirin820,kirin820,1xA76@2.36+3xA76@2.22+4xA55@1.84,Mali-G57 MP6,D110@Lite,TEL-AN00,big_cores,GPU_OPENCL,1,20.975,32.142,16.128,1.740,100,10,1000,20,865774040746319
tnn,master,c286af0,tf_mobilenetv2.opt,android-armv8,kirin820,kirin820,1xA76@2.36+3xA76@2.22+4xA55@1.84,Mali-G57 MP6,D110@Lite,TEL-AN00,big_cores,ARM,1,26.599,29.712,26.277,0.518,100,10,100,20,865774040746319
tnn,master,c286af0,tf_mobilenetv2.opt,android-armv8,kirin820,kirin820,1xA76@2.36+3xA76@2.22+4xA55@1.84,Mali-G57 MP6,D110@Lite,TEL-AN00,big_cores,ARM,2,17.242,18.216,17.096,0.176,100,10,100,20,865774040746319
tnn,master,c286af0,tf_mobilenetv2.opt,android-armv8,kirin820,kirin820,1xA76@2.36+3xA76@2.22+4xA55@1.84,Mali-G57 MP6,D110@Lite,TEL-AN00,big_cores,ARM,4,12.608,13.436,11.917,0.171,100,10,100,20,865774040746319
tnn,master,c286af0,tf_mobilenetv2.opt,android-armv8,kirin820,kirin820,1xA76@2.36+3xA76@2.22+4xA55@1.84,Mali-G57 MP6,D110@Lite,TEL-AN00,big_cores,GPU_OPENCL,1,19.729,28.941,13.820,2.502,100,10,1000,20,865774040746319
tnn,master,c286af0,caffe_mobilenetv1.opt,android-armv7,msm8916,SD410,4xA53@1.2,Adreno-306,HexagonDSP(QDSP6),ZTE B2015,big_cores,ARM,1,327.377,342.628,325.921,1.700,98,5.1.1,100,20,868026024882181
tnn,master,c286af0,caffe_mobilenetv1.opt,android-armv7,msm8916,SD410,4xA53@1.2,Adreno-306,HexagonDSP(QDSP6),ZTE B2015,big_cores,ARM,2,327.684,340.320,326.159,1.729,98,5.1.1,100,20,868026024882181
tnn,master,c286af0,caffe_mobilenetv1.opt,android-armv7,msm8916,SD410,4xA53@1.2,Adreno-306,HexagonDSP(QDSP6),ZTE B2015,big_cores,ARM,4,179.900,192.201,176.465,2.620,98,5.1.1,100,20,868026024882181
tnn,master,c286af0,caffe_mobilenetv1.opt,android-armv7,msm8916,SD410,4xA53@1.2,Adreno-306,HexagonDSP(QDSP6),ZTE B2015,big_cores,GPU_OPENCL,1,90.191,100.331,89.684,0.447,98,5.1.1,1000,20,868026024882181
tnn,master,c286af0,caffe_mobilenetv2.opt,android-armv7,msm8916,SD410,4xA53@1.2,Adreno-306,HexagonDSP(QDSP6),ZTE B2015,big_cores,ARM,1,300.560,303.183,299.264,0.589,98,5.1.1,100,20,868026024882181
tnn,master,c286af0,caffe_mobilenetv2.opt,android-armv7,msm8916,SD410,4xA53@1.2,Adreno-306,HexagonDSP(QDSP6),ZTE B2015,big_cores,ARM,2,176.287,193.821,170.423,3.325,98,5.1.1,100,20,868026024882181
tnn,master,c286af0,caffe_mobilenetv2.opt,android-armv7,msm8916,SD410,4xA53@1.2,Adreno-306,HexagonDSP(QDSP6),ZTE B2015,big_cores,ARM,4,300.904,304.601,299.478,0.681,98,5.1.1,100,20,868026024882181
tnn,master,c286af0,caffe_mobilenetv2.opt,android-armv7,msm8916,SD410,4xA53@1.2,Adreno-306,HexagonDSP(QDSP6),ZTE B2015,big_cores,GPU_OPENCL,1,81.377,91.314,80.644,0.963,98,5.1.1,1000,20,868026024882181
tnn,master,c286af0,tf_mobilenetv1.opt,android-armv7,msm8916,SD410,4xA53@1.2,Adreno-306,HexagonDSP(QDSP6),ZTE B2015,big_cores,ARM,1,340.323,343.605,337.075,1.079,98,5.1.1,100,20,868026024882181
tnn,master,c286af0,tf_mobilenetv1.opt,android-armv7,msm8916,SD410,4xA53@1.2,Adreno-306,HexagonDSP(QDSP6),ZTE B2015,big_cores,ARM,2,191.548,199.310,186.536,2.727,98,5.1.1,100,20,868026024882181
tnn,master,c286af0,tf_mobilenetv1.opt,android-armv7,msm8916,SD410,4xA53@1.2,Adreno-306,HexagonDSP(QDSP6),ZTE B2015,big_cores,ARM,4,340.737,347.591,337.243,1.317,98,5.1.1,100,20,868026024882181
tnn,master,c286af0,tf_mobilenetv1.opt,android-armv7,msm8916,SD410,4xA53@1.2,Adreno-306,HexagonDSP(QDSP6),ZTE B2015,big_cores,GPU_OPENCL,1,91.248,107.675,90.665,0.610,98,5.1.1,1000,20,868026024882181
tnn,master,c286af0,tf_mobilenetv2.opt,android-armv7,msm8916,SD410,4xA53@1.2,Adreno-306,HexagonDSP(QDSP6),ZTE B2015,big_cores,ARM,1,231.292,239.198,227.254,1.355,98,5.1.1,100,20,868026024882181
tnn,master,c286af0,tf_mobilenetv2.opt,android-armv7,msm8916,SD410,4xA53@1.2,Adreno-306,HexagonDSP(QDSP6),ZTE B2015,big_cores,ARM,2,136.440,158.561,130.681,4.357,98,5.1.1,100,20,868026024882181
tnn,master,c286af0,tf_mobilenetv2.opt,android-armv7,msm8916,SD410,4xA53@1.2,Adreno-306,HexagonDSP(QDSP6),ZTE B2015,big_cores,ARM,4,230.923,233.491,228.824,0.659,98,5.1.1,100,20,868026024882181
tnn,master,c286af0,tf_mobilenetv2.opt,android-armv7,msm8916,SD410,4xA53@1.2,Adreno-306,HexagonDSP(QDSP6),ZTE B2015,big_cores,GPU_OPENCL,1,61.876,68.853,61.448,0.386,98,5.1.1,1000,20,868026024882181
tnn,master,c286af0,caffe_mobilenetv1.opt,android-armv8,msm8916,SD410,4xA53@1.2,Adreno-306,HexagonDSP(QDSP6),ZTE B2015,big_cores,ARM,1,220.066,221.286,219.093,0.344,98,5.1.1,100,20,868026024882181
tnn,master,c286af0,caffe_mobilenetv1.opt,android-armv8,msm8916,SD410,4xA53@1.2,Adreno-306,HexagonDSP(QDSP6),ZTE B2015,big_cores,ARM,2,219.979,222.168,218.675,0.418,98,5.1.1,100,20,868026024882181
tnn,master,c286af0,caffe_mobilenetv1.opt,android-armv8,msm8916,SD410,4xA53@1.2,Adreno-306,HexagonDSP(QDSP6),ZTE B2015,big_cores,ARM,4,220.369,227.033,219.236,0.994,98,5.1.1,100,20,868026024882181
tnn,master,c286af0,caffe_mobilenetv1.opt,android-armv8,msm8916,SD410,4xA53@1.2,Adreno-306,HexagonDSP(QDSP6),ZTE B2015,big_cores,GPU_OPENCL,1,90.405,92.645,89.957,0.250,98,5.1.1,1000,20,868026024882181
tnn,master,c286af0,caffe_mobilenetv2.opt,android-armv8,msm8916,SD410,4xA53@1.2,Adreno-306,HexagonDSP(QDSP6),ZTE B2015,big_cores,ARM,1,204.885,206.544,199.877,0.813,98,5.1.1,100,20,868026024882181
tnn,master,c286af0,caffe_mobilenetv2.opt,android-armv8,msm8916,SD410,4xA53@1.2,Adreno-306,HexagonDSP(QDSP6),ZTE B2015,big_cores,ARM,2,117.141,122.992,111.927,3.224,98,5.1.1,100,20,868026024882181
tnn,master,c286af0,caffe_mobilenetv2.opt,android-armv8,msm8916,SD410,4xA53@1.2,Adreno-306,HexagonDSP(QDSP6),ZTE B2015,big_cores,ARM,4,204.718,215.718,204.004,1.349,98,5.1.1,100,20,868026024882181
tnn,master,c286af0,caffe_mobilenetv2.opt,android-armv8,msm8916,SD410,4xA53@1.2,Adreno-306,HexagonDSP(QDSP6),ZTE B2015,big_cores,GPU_OPENCL,1,81.431,99.668,80.774,1.074,98,5.1.1,1000,20,868026024882181
tnn,master,c286af0,tf_mobilenetv1.opt,android-armv8,msm8916,SD410,4xA53@1.2,Adreno-306,HexagonDSP(QDSP6),ZTE B2015,big_cores,ARM,1,232.210,234.022,229.705,0.641,98,5.1.1,100,20,868026024882181
tnn,master,c286af0,tf_mobilenetv1.opt,android-armv8,msm8916,SD410,4xA53@1.2,Adreno-306,HexagonDSP(QDSP6),ZTE B2015,big_cores,ARM,2,134.762,141.529,127.993,3.420,98,5.1.1,100,20,868026024882181
tnn,master,c286af0,tf_mobilenetv1.opt,android-armv8,msm8916,SD410,4xA53@1.2,Adreno-306,HexagonDSP(QDSP6),ZTE B2015,big_cores,ARM,4,232.693,242.450,230.015,1.726,98,5.1.1,100,20,868026024882181
tnn,master,c286af0,tf_mobilenetv1.opt,android-armv8,msm8916,SD410,4xA53@1.2,Adreno-306,HexagonDSP(QDSP6),ZTE B2015,big_cores,GPU_OPENCL,1,90.958,99.350,90.477,0.440,98,5.1.1,1000,20,868026024882181
tnn,master,c286af0,tf_mobilenetv2.opt,android-armv8,msm8916,SD410,4xA53@1.2,Adreno-306,HexagonDSP(QDSP6),ZTE B2015,big_cores,ARM,1,159.892,162.463,156.054,1.641,98,5.1.1,100,20,868026024882181
tnn,master,c286af0,tf_mobilenetv2.opt,android-armv8,msm8916,SD410,4xA53@1.2,Adreno-306,HexagonDSP(QDSP6),ZTE B2015,big_cores,ARM,2,159.627,164.851,156.414,1.782,98,5.1.1,100,20,868026024882181
tnn,master,c286af0,tf_mobilenetv2.opt,android-armv8,msm8916,SD410,4xA53@1.2,Adreno-306,HexagonDSP(QDSP6),ZTE B2015,big_cores,ARM,4,91.937,93.077,91.436,0.267,98,5.1.1,100,20,868026024882181
tnn,master,c286af0,tf_mobilenetv2.opt,android-armv8,msm8916,SD410,4xA53@1.2,Adreno-306,HexagonDSP(QDSP6),ZTE B2015,big_cores,GPU_OPENCL,1,62.646,95.842,61.959,1.182,98,5.1.1,1000,20,868026024882181
